{
	"info": {
		"_postman_id": "2958f643-ddcd-442a-8ac1-5438056a9693",
		"name": "Barrows",
		"schema": "https://schema.getpostman.com/json/collection/v2.1.0/collection.json",
		"_exporter_id": "29432060"
	},
	"item": [
		{
			"name": "Auth",
			"item": [
				{
					"name": "login",
					"event": [
						{
							"listen": "test",
							"script": {
								"exec": [
									"pm.test(\"Set Auth Token\", function () {\r",
									"    var jsonData = pm.response.json();\r",
									"\r",
									"    pm.environment.set(\"auth_token\", jsonData.auth_token);\r",
									"    pm.expect(pm.environment.get(\"auth_token\")).to.equal(jsonData.auth_token);\r",
									"});"
								],
								"type": "text/javascript"
							}
						}
					],
					"protocolProfileBehavior": {
						"disabledSystemHeaders": {
							"accept": true
						}
					},
					"request": {
						"method": "POST",
						"header": [
							{
								"key": "Accept",
								"value": "application/json",
								"type": "text"
							}
						],
						"body": {
							"mode": "formdata",
							"formdata": [
								{
									"key": "email",
									"value": "admin@test.com",
									"type": "text"
								},
								{
									"key": "password",
									"value": "Hey.Admin.1234!",
									"type": "text"
								}
							]
						},
						"url": {
							"raw": "{{base_url}}/auth/login",
							"host": [
								"{{base_url}}"
							],
							"path": [
								"auth",
								"login"
							]
						}
					},
					"response": []
				},
				{
					"name": "register",
					"event": [
						{
							"listen": "test",
							"script": {
								"exec": [
									"pm.test(\"Set Auth Token\", function () {\r",
									"    var jsonData = pm.response.json();\r",
									"\r",
									"    pm.environment.set(\"auth_token\", jsonData.auth_token);\r",
									"    pm.expect(pm.environment.get(\"auth_token\")).to.equal(jsonData.auth_token);\r",
									"});"
								],
								"type": "text/javascript"
							}
						}
					],
					"protocolProfileBehavior": {
						"disabledSystemHeaders": {
							"accept": true
						}
					},
					"request": {
						"method": "POST",
						"header": [
							{
								"key": "Accept",
								"value": "application/json",
								"type": "text"
							}
						],
						"body": {
							"mode": "formdata",
							"formdata": [
								{
									"key": "name",
									"value": "Normal User",
									"type": "text"
								},
								{
									"key": "email",
									"value": "normal@test.co.za",
									"type": "text"
								},
								{
									"key": "password",
									"value": "Hey.1234!",
									"type": "text"
								},
								{
									"key": "password_confirmation",
									"value": "Hey.1234!",
									"type": "text"
								}
							]
						},
						"url": {
							"raw": "{{base_url}}/auth/register",
							"host": [
								"{{base_url}}"
							],
							"path": [
								"auth",
								"register"
							]
						}
					},
					"response": []
				},
				{
					"name": "logout",
					"event": [
						{
							"listen": "test",
							"script": {
								"exec": [
									"pm.test(\"Set Auth Token\", function () {\r",
									"    pm.environment.set(\"auth_token\", \"\");\r",
									"});"
								],
								"type": "text/javascript"
							}
						}
					],
					"protocolProfileBehavior": {
						"disabledSystemHeaders": {
							"accept": true
						}
					},
					"request": {
						"auth": {
							"type": "bearer",
							"bearer": [
								{
									"key": "token",
									"value": "{{auth_token}}",
									"type": "string"
								}
							]
						},
						"method": "GET",
						"header": [
							{
								"key": "Authorization",
								"value": "Bearer {{auth_token}}",
								"type": "text"
							},
							{
								"key": "Accept",
								"value": "application/json",
								"type": "text"
							}
						],
						"url": {
							"raw": "{{base_url}}/auth/logout",
							"host": [
								"{{base_url}}"
							],
							"path": [
								"auth",
								"logout"
							]
						}
					},
					"response": []
				}
			]
		},
		{
			"name": "Posts",
			"item": [
				{
					"name": "all",
					"protocolProfileBehavior": {
						"disabledSystemHeaders": {
							"accept": true
						}
					},
					"request": {
						"method": "GET",
						"header": [
							{
								"key": "Accept",
								"value": "application/json",
								"type": "text"
							}
						],
						"url": {
							"raw": "{{base_url}}/posts?with_comments=0&order_by_occurrence=alice",
							"host": [
								"{{base_url}}"
							],
							"path": [
								"posts"
							],
							"query": [
								{
									"key": "with_comments",
									"value": "0"
								},
								{
									"key": "order_by_occurrence",
									"value": "alice"
								}
							]
						}
					},
					"response": []
				},
				{
					"name": "view",
					"event": [
						{
							"listen": "test",
							"script": {
								"exec": [
									"pm.test(\"Set Current Post Id\", function () {\r",
									"    var jsonData = pm.response.json();\r",
									"\r",
									"    pm.environment.set(\"post_id\", jsonData.id);\r",
									"    pm.expect(pm.environment.get(\"post_id\")).to.equal(jsonData.id);\r",
									"});"
								],
								"type": "text/javascript"
							}
						}
					],
					"protocolProfileBehavior": {
						"disabledSystemHeaders": {
							"accept": true
						}
					},
					"request": {
						"method": "GET",
						"header": [
							{
								"key": "Accept",
								"value": "application/json",
								"type": "text"
							}
						],
						"url": {
							"raw": "{{base_url}}/posts/1",
							"host": [
								"{{base_url}}"
							],
							"path": [
								"posts",
								"1"
							]
						}
					},
					"response": []
				},
				{
					"name": "create",
					"event": [
						{
							"listen": "test",
							"script": {
								"exec": [
									"pm.test(\"Set Current Post Id\", function () {\r",
									"    var jsonData = pm.response.json();\r",
									"\r",
									"    pm.environment.set(\"post_id\", jsonData.id);\r",
									"    pm.expect(pm.environment.get(\"post_id\")).to.equal(jsonData.id);\r",
									"});"
								],
								"type": "text/javascript"
							}
						}
					],
					"protocolProfileBehavior": {
						"disabledSystemHeaders": {
							"accept": true
						}
					},
					"request": {
						"method": "POST",
						"header": [
							{
								"key": "Accept",
								"value": "application/json",
								"type": "text"
							}
						],
						"body": {
							"mode": "formdata",
							"formdata": [
								{
									"key": "content",
									"value": "This is a new post with the minimum character count! Test Test Test.",
									"type": "text"
								}
							]
						},
						"url": {
							"raw": "{{base_url}}/posts/create",
							"host": [
								"{{base_url}}"
							],
							"path": [
								"posts",
								"create"
							]
						}
					},
					"response": []
				},
				{
					"name": "like",
					"protocolProfileBehavior": {
						"disabledSystemHeaders": {
							"accept": true
						}
					},
					"request": {
						"method": "POST",
						"header": [
							{
								"key": "Accept",
								"value": "application/json",
								"type": "text"
							}
						],
						"body": {
							"mode": "formdata",
							"formdata": [
								{
									"key": "content",
									"value": "This is a new post with the minimum character count!",
									"type": "text"
								}
							]
						},
						"url": {
							"raw": "{{base_url}}/posts/{{post_id}}/like",
							"host": [
								"{{base_url}}"
							],
							"path": [
								"posts",
								"{{post_id}}",
								"like"
							]
						}
					},
					"response": []
				},
				{
					"name": "flag",
					"protocolProfileBehavior": {
						"disabledSystemHeaders": {
							"accept": true
						}
					},
					"request": {
						"method": "POST",
						"header": [
							{
								"key": "Accept",
								"value": "application/json",
								"type": "text"
							}
						],
						"body": {
							"mode": "formdata",
							"formdata": []
						},
						"url": {
							"raw": "{{base_url}}/posts/{{post_id}}/flag",
							"host": [
								"{{base_url}}"
							],
							"path": [
								"posts",
								"{{post_id}}",
								"flag"
							]
						}
					},
					"response": []
				}
			],
			"auth": {
				"type": "bearer",
				"bearer": [
					{
						"key": "token",
						"value": "{{auth_token}}",
						"type": "string"
					}
				]
			},
			"event": [
				{
					"listen": "prerequest",
					"script": {
						"type": "text/javascript",
						"exec": [
							""
						]
					}
				},
				{
					"listen": "test",
					"script": {
						"type": "text/javascript",
						"exec": [
							""
						]
					}
				}
			]
		},
		{
			"name": "Comments",
			"item": [
				{
					"name": "all",
					"protocolProfileBehavior": {
						"disabledSystemHeaders": {
							"accept": true
						}
					},
					"request": {
						"method": "GET",
						"header": [
							{
								"key": "Accept",
								"value": "application/json",
								"type": "text"
							}
						],
						"url": {
							"raw": "{{base_url}}/comments",
							"host": [
								"{{base_url}}"
							],
							"path": [
								"comments"
							]
						}
					},
					"response": []
				},
				{
					"name": "view",
					"event": [
						{
							"listen": "test",
							"script": {
								"exec": [
									"pm.test(\"Set Current Comment Id\", function () {\r",
									"    var jsonData = pm.response.json();\r",
									"\r",
									"    pm.environment.set(\"comment_id\", jsonData.id);\r",
									"    pm.expect(pm.environment.get(\"comment_id\")).to.equal(jsonData.id);\r",
									"});"
								],
								"type": "text/javascript"
							}
						}
					],
					"protocolProfileBehavior": {
						"disabledSystemHeaders": {
							"accept": true
						}
					},
					"request": {
						"method": "GET",
						"header": [
							{
								"key": "Accept",
								"value": "application/json",
								"type": "text"
							}
						],
						"url": {
							"raw": "{{base_url}}/comments/{{comment_id}}",
							"host": [
								"{{base_url}}"
							],
							"path": [
								"comments",
								"{{comment_id}}"
							]
						}
					},
					"response": []
				},
				{
					"name": "create",
					"event": [
						{
							"listen": "test",
							"script": {
								"exec": [
									"pm.test(\"Set Current Comment Id\", function () {\r",
									"    var jsonData = pm.response.json();\r",
									"\r",
									"    pm.environment.set(\"comment_id\", jsonData.id);\r",
									"    pm.expect(pm.environment.get(\"comment_id\")).to.equal(jsonData.id);\r",
									"});"
								],
								"type": "text/javascript"
							}
						}
					],
					"protocolProfileBehavior": {
						"disabledSystemHeaders": {
							"accept": true
						}
					},
					"request": {
						"method": "POST",
						"header": [
							{
								"key": "Accept",
								"value": "application/json",
								"type": "text"
							}
						],
						"body": {
							"mode": "formdata",
							"formdata": [
								{
									"key": "post_id",
									"value": "{{post_id}}",
									"type": "text"
								},
								{
									"key": "content",
									"value": "This post was relatively informative. Well done!",
									"type": "text"
								}
							]
						},
						"url": {
							"raw": "{{base_url}}/comments/create",
							"host": [
								"{{base_url}}"
							],
							"path": [
								"comments",
								"create"
							]
						}
					},
					"response": []
				}
			],
			"auth": {
				"type": "bearer",
				"bearer": [
					{
						"key": "token",
						"value": "{{auth_token}}",
						"type": "string"
					}
				]
			},
			"event": [
				{
					"listen": "prerequest",
					"script": {
						"type": "text/javascript",
						"exec": [
							""
						]
					}
				},
				{
					"listen": "test",
					"script": {
						"type": "text/javascript",
						"exec": [
							""
						]
					}
				}
			]
		},
		{
			"name": "Stats",
			"item": [
				{
					"name": "all",
					"protocolProfileBehavior": {
						"disabledSystemHeaders": {
							"accept": true
						}
					},
					"request": {
						"method": "GET",
						"header": [
							{
								"key": "Accept",
								"value": "application/json",
								"type": "text"
							}
						],
						"url": {
							"raw": "{{base_url}}/stats",
							"host": [
								"{{base_url}}"
							],
							"path": [
								"stats"
							]
						}
					},
					"response": []
				}
			],
			"auth": {
				"type": "bearer",
				"bearer": [
					{
						"key": "token",
						"value": "{{auth_token}}",
						"type": "string"
					}
				]
			},
			"event": [
				{
					"listen": "prerequest",
					"script": {
						"type": "text/javascript",
						"exec": [
							""
						]
					}
				},
				{
					"listen": "test",
					"script": {
						"type": "text/javascript",
						"exec": [
							""
						]
					}
				}
			]
		}
	]
}